kfold,iteracion,arquitectura,EL,LC
0,0,InceptionV4,ResNet50,DenseNet169,1522,1614,0.8631248589348504
0,1,DenseNet169,Xception,ResNet50,2459,677,0.9453388048117334
0,2,DenseNet169,Xception,DenseNet121,1876,1260,0.9197102177422494
0,3,DenseNet169,Xception,DenseNet121,2430,706,0.950907538074772
0,4,DenseNet169,Xception,DenseNet121,1958,1178,0.9272773335307685
